Sex,Age,SibSp,Parch,Fare,FamilySize,IsAlone,Embarked_Q,Embarked_S,Pclass_2,Pclass_3
0,-0.7445205484084719,-0.46508427634374117,-0.46618317148792077,0.795000541662064,-0.5563385795422586,1,0,0,0,0
